id,title,score,num_comments,author,created_utc,url,over_18,edited,spoiler,stickied
17d3xk3,What is data engineering *not*?,58,76,No_Newspaper3209,02-06-2024 14:34,https://www.reddit.com/r/dataengineering/comments/17d3xk3/what_is_data_engineering_not/,FALSE,FALSE,FALSE,FALSE
17d8xv3,Is Apache Beam still popular for Data Engineering?,39,15,HealthBigDataGuy,03-06-2024 04:34,https://www.reddit.com/r/dataengineering/comments/17d8xv3/is_apache_beam_still_popular_for_data_engineering/,FALSE,FALSE,FALSE,FALSE
17dh3xg,Does Databricks Spark offer any performance benefits compared to the fully open source Spark or managed Spark?,23,20,Rengar-Pounce,04-06-2024 01:34,https://www.reddit.com/r/dataengineering/comments/17dh3xg/does_databricks_spark_offer_any_performance/,FALSE,FALSE,FALSE,FALSE
17d375d,What is the best way to Ingest large tall tables in snowflake from different data system,15,15,fjrirjdjdi027,05-06-2024 07:34,https://www.reddit.com/r/dataengineering/comments/17d375d/what_is_the_best_way_to_ingest_large_tall_tables/,FALSE,FALSE,FALSE,FALSE
17dnmln,Migrating away from Snowflake?,12,9,sb2nov,06-06-2024 17:34,https://www.reddit.com/r/dataengineering/comments/17dnmln/migrating_away_from_snowflake/,FALSE,FALSE,FALSE,FALSE
17d4w6g,Speeding up transition between EDA and engineering,5,6,suspicious_williams,07-06-2024 14:34,https://www.reddit.com/r/dataengineering/comments/17d4w6g/speeding_up_transition_between_eda_and_engineering/,FALSE,FALSE,FALSE,FALSE
17dnhdg,Data Engineering Project Scoping / Quantifying,4,0,phmark19,08-06-2024 16:34,https://www.reddit.com/r/dataengineering/comments/17dnhdg/data_engineering_project_scoping_quantifying/,FALSE,FALSE,FALSE,FALSE
17dqs3n,Seeking advice on next steps,2,6,eldobhatobugyi,09-06-2024 16:34,https://www.reddit.com/r/dataengineering/comments/17dqs3n/seeking_advice_on_next_steps/,FALSE,FALSE,FALSE,FALSE
17dhz8x,ETL on snowflake,2,9,Professional-Ninja70,10-06-2024 16:34,https://www.reddit.com/r/dataengineering/comments/17dhz8x/etl_on_snowflake/,FALSE,FALSE,FALSE,FALSE
17d6rcu,How to Speed Up Spark Jobs on Small Test Datasets,2,0,luminoumen,11-06-2024 16:34,https://luminousmen.com/post/how-to-speed-up-spark-jobs-on-small-test-datasets,FALSE,FALSE,FALSE,FALSE
17d6fs7,Integration with CDP,2,3,cyamnihc,12-06-2024 16:34,https://www.reddit.com/r/dataengineering/comments/17d6fs7/integration_with_cdp/,FALSE,FALSE,FALSE,FALSE
17dpusy,Best platforms to prepare for cloud certifications,1,1,zak_hj,13-06-2024 16:34,https://www.reddit.com/r/dataengineering/comments/17dpusy/best_platforms_to_prepare_for_cloud_certifications/,FALSE,FALSE,FALSE,FALSE
17dp33n,dbutils.fs.mv databricks,1,0,TheVictarion,14-06-2024 16:34,https://www.reddit.com/r/dataengineering/comments/17dp33n/dbutilsfsmv_databricks/,FALSE,FALSE,FALSE,FALSE
17do4uu,Magical Software Sucks,1,0,heninkguy,15-06-2024 16:34,https://dodov.dev/blog/magical-software-sucks,FALSE,FALSE,FALSE,FALSE
17dkzqr,SSIS alternate for data pipeline?,1,5,BrownCoder,16-06-2024 16:34,https://www.reddit.com/r/dataengineering/comments/17dkzqr/ssis_alternate_for_data_pipeline/,FALSE,FALSE,FALSE,FALSE
17deqy0,Looking to Learn Druid - Any Resources and Project Ideas?,1,1,poolyhymnia,17-06-2024 16:34,https://www.reddit.com/r/dataengineering/comments/17deqy0/looking_to_learn_druid_any_resources_and_project/,FALSE,FALSE,FALSE,FALSE
17de3uk,Best Complementary Language for Data Platform/DataOps/Cloud Data Engineers?,1,7,jduran9987,18-06-2024 16:34,https://www.reddit.com/r/dataengineering/comments/17de3uk/best_complementary_language_for_data/,FALSE,FALSE,FALSE,FALSE
17d8lwm,Need Advice! Worth it to Switch Roles? Data Engineering to SRE,0,7,unpopulah,19-06-2024 16:34,https://www.reddit.com/r/dataengineering/comments/17d8lwm/need_advice_worth_it_to_switch_roles_data/,FALSE,FALSE,FALSE,FALSE
17d73ak,Stream processing - Flink debugging,1,0,springRock88,20-06-2024 16:34,https://www.reddit.com/r/dataengineering/comments/17d73ak/stream_processing_flink_debugging/,FALSE,FALSE,FALSE,FALSE
17d2ocf,Scala Spark Tutorial,1,1,anaksimandros0,21-06-2024 14:34,https://www.reddit.com/r/dataengineering/comments/17d2ocf/scala_spark_tutorial/,FALSE,FALSE,FALSE,FALSE
17drwwp,"Really confused on the core concepts of Spark for my Databricks Spark Developer certification exam coming up. Any helpful advice, please?",1,1,thebestnobody,22-06-2024 14:34,https://www.reddit.com/r/dataengineering/comments/17drwwp/really_confused_on_the_core_concepts_of_spark_for/,FALSE,FALSE,FALSE,FALSE
